﻿<parameters>
  <parameter name="IIS Web Application Name" defaultValue="genreadytestapp1" tags="IisApp">
    <parameterEntry kind="ProviderPath" scope="IisApp" match="^C:\\Users\\Ray\.EDITUREPD\\Projects\\SystemLogs\\SystemLogsWeb\\obj\\Debug\\Package\\PackageTmp$" />
    <parameterEntry kind="ProviderPath" scope="setAcl" match="^C:\\Users\\Ray\.EDITUREPD\\Projects\\SystemLogs\\SystemLogsWeb\\obj\\Debug\\Package\\PackageTmp$" />
  </parameter>
  <parameter name="ClientId" description="Value for ClientId here." defaultValue="972d6c20-9724-4ec1-a7dd-f5fd9244b270" tags="applicationSettings">
    <parameterEntry kind="XmlFile" scope="web.config$" match="/configuration/appSettings/add[@key='ClientId']/@value" />
  </parameter>
  <parameter name="ClientSecret" description="Value for ClientSecret here." defaultValue="20mZXZaGwT58DVOZZcptFDurYbTmRxmFBLPB2HOkjUU=" tags="applicationSettings">
    <parameterEntry kind="XmlFile" scope="web.config$" match="/configuration/appSettings/add[@key='ClientSecret']/@value" />
  </parameter>
</parameters>